"0","dataout$review <- ifelse(dataout$number_of_reviews<=5, ""Less Than 5 Reviews"", ""More Than 5 Reviews"")"
"0","dataout$review <- ifelse(dataout$number_of_reviews==0, ""No Reviews"", dataout$review)"
"0",""
"0","ggplot(data = dataout, aes(x=review, y=price))+"
"0","  geom_boxplot(fill = ""azure2"")+"
"0","  labs(title = ""Two dimensional density between number of reviews and price"","
"0","       y=""Price"", x="""")+"
"0","  theme_bw()+theme(panel.border = element_blank(),"
"0","                   panel.grid.minor = element_blank(),"
"0","                   panel.grid.major.x = element_blank())"
