"0","dataout %>% group_by(room_type) %>% "
"0","  summarise(mean=mean(price), sd = sd(price)) %>%"
"0","  ggplot(mapping = aes(x=room_type, y= mean))+"
"0","  geom_bar(stat=""identity"", fill = ""azure2"", color = ""black"", size = 1)+"
"0","  geom_errorbar(mapping = aes(ymin= mean, ymax=mean+sd), width = 0.3, size = 1)+"
"0","  theme_bw()+theme(panel.border = element_blank(),"
"0","                   panel.grid.minor = element_blank(),"
"0","                   panel.grid.major.x = element_blank())+"
"0","  labs(title = ""Price Distribution by Room Type (bars show mean)"", x=""Room Type"", y=""Price"")+"
"0","  geom_violin(data=dataout, mapping = aes(x=room_type, y= price), fill=NA)"
"2","`summarise()` ungrouping output (override with `.groups` argument)
"
